name,x,y,norm,distinct
..,4.050603,-24.910126,2.8284271247461903,4
acts,-0.7878202,-33.045555,4.123105625617661,17
adios,-2.087234,8.189832,60.61352984276695,237
adios2,-8.222436,30.874502,71.64495795239188,462
ahf-gizmo,2.774479,-25.220348,2.449489742783178,4
alien,5.111853,-24.836283,2.23606797749979,3
all:,1.8898324,-22.233198,4.358898943540674,8
allinea-forge,9.126227,2.6468058,8.660254037844387,75
allinea-reports,9.264107,2.924853,8.660254037844387,75
almabte,-9.909232,38.473778,24.392621835300936,222
alpaka,16.791615,35.918095,12.884098726725126,166
alpgen,17.772205,35.18288,12.884098726725126,166
aluminum,3.197262,-24.635052,2.449489742783178,3
amgx,-29.785084,-10.22475,27.422618401604176,150
aml,-4.941711,9.658027,62.12889826803627,246
amr-wind,13.411221,-20.172604,7.211102550927978,36
amrex,-2.6317105,8.50556,59.93329625508679,273
amrvis,-3.7808323,-26.61043,11.045361017187261,32
anaconda3,-32.33838,15.084677,16.09347693943108,229
angsd,-12.705099,33.9163,25.768197453450252,224
antlr,19.79646,-10.113204,7.937253933193772,63
apollo,3.9836702,-29.108452,3.0,5
apple-libunwind,-0.981821,-16.499716,6.244997998398398,39
arborx,-4.19697,9.649707,61.22907805936653,248
arcane,5.111853,-24.836283,2.23606797749979,3
archer,-3.784217,4.2171187,43.18564576337837,208
argobots,-5.4665246,9.223967,58.75372328627353,252
aria2,-33.64071,15.025726,14.730919862656235,217
armadillo,5.0214963,-22.274796,8.0,9
arpack-ng,-9.414081,36.06407,25.865034312755125,250
arrow,18.77177,-28.537645,22.891046284519195,160
ascent,-6.4319916,8.465907,60.07495318350236,286
aspect,3.4893436,-24.771013,1.0,1
assimp,-0.78694946,-33.04742,4.123105625617661,17
autoconf,7.5561013,19.43333,69.98571282769076,413
automake,7.5475025,19.463327,71.10555533852471,437
autpconf,8.95953,-8.967649,9.797958971132712,51
axel,-33.640488,15.025564,14.730919862656235,217
axom,-4.5983815,8.30707,54.881690936048976,243
bacio,20.824192,-8.771717,12.569805089976535,84
bamtools,-14.321595,33.819412,26.324893162176366,224
bartender,-12.840071,34.191765,25.768197453450252,224
bash,5.722614,-9.178711,20.445048300260872,83
bayescan,-10.549108,39.27286,24.392621835300936,222
bayestraits,-10.565836,39.27212,24.392621835300936,222
bazel,17.474926,35.570263,12.884098726725126,166
bc,3.052505,-15.830928,11.40175425099138,33
berkeley-db,8.63347,21.46866,64.1248781675256,375
berkely-db,12.807333,-20.581814,4.58257569495584,21
bgc,-10.881998,38.996914,24.392621835300936,222
binutils,-6.0487304,4.799351,66.89544080129826,272
bismark,3.4890409,-24.771578,1.0,1
bison,15.444813,24.27134,36.45545226711637,316
blaspp,-27.291496,-14.092999,13.038404810405298,153
blast-plus,-16.26089,38.083473,27.294688127912362,254
blat,-16.260994,38.08387,27.27636339397171,254
blt,1.5504442,-24.30856,2.449489742783178,3
bolt,-5.528524,3.2041583,64.43601477434805,255
boost,-5.9386315,29.975258,76.09862022402245,632
bowtie,-13.973317,33.18532,26.324893162176366,224
bowtie2,-16.261435,38.084167,27.27636339397171,254
bufr,20.93354,-9.790856,10.392304845413264,81
butterflypack,6.068604,-21.854063,5.291502622129181,14
bwa,-16.260866,38.08369,27.294688127912362,254
bzip2,6.9869146,20.333828,75.0066663703967,502
bzip2-toolfile,40.639114,-0.8544815,13.416407864998739,109
c-blosc,-1.6204574,0.51310986,55.641710972974224,190
ca-certificates-mozilla,4.5543046,-12.517808,7.615773105863909,29
cabana,-5.3270645,8.558714,57.3149195236284,243
cairo,9.540373,4.226905,14.2828568570857,114
caliper,-5.908617,1.6028366,64.32728814430156,279
camp,-26.879765,-14.901669,14.491376746189438,164
canu,-14.321595,33.819412,26.324893162176366,224
cardioid,2.0776706,-24.150076,1.4142135623730951,2
casacore,4.110516,-25.791836,3.4641016151377544,4
catalyst,2.5804462,-21.826286,2.449489742783178,6
catch2,18.752111,32.1641,13.416407864998739,170
ccache,-26.079063,-7.850092,27.80287754891569,241
cdo,-4.1761556,-11.345087,10.295630140987,93
cepcsw,5.347423,-25.804377,3.0,3
cereal,14.4563875,-27.439262,8.366600265340756,35
cfitsio,20.331594,-24.853369,7.937253933193772,54
chai,-3.5541642,8.045727,58.65151319446072,241
charliecloud,-0.45153597,-8.03439,43.94314508543966,155
charm,-2.7699277,-18.291939,13.74772708486752,44
charmpp,-2.7698455,-18.291931,13.74772708486752,44
clhep,13.169473,36.52173,14.0,183
clingo,8.908494,-10.624988,6.0,34
clingo-bootstrap,4.5229993,-12.526925,8.06225774829855,29
cln,7.244079,-19.468054,3.7416573867739413,14
cmake,-6.472091,29.608574,90.38252043398657,818
cms-config,14.470005,20.458752,16.583123951777,195
cmssw-config,17.542845,33.404743,12.884098726725126,166
cnpy,14.45163,-27.413298,8.12403840463596,33
comgr,-27.916504,-15.02525,14.560219778561036,153
component-name[,3.4890695,-24.7716,1.4142135623730951,1
conduit,-6.3301144,8.419245,58.65151319446072,283
coral,15.943294,33.518475,12.884098726725126,166
coreutils,10.956846,-15.078108,20.445048300260872,48
cp2k,2.8927045,-27.997778,6.0,6
cpio,5.780004,-9.231727,18.788294228055936,76
cppcheck,3.0525174,-15.830921,11.40175425099138,33
cppunit,13.668777,21.80536,18.24828759089466,209
cray-libsci,-28.005632,-16.91198,22.64950330581225,188
cray-mpich,-31.101606,-16.525438,22.40535650240808,187
criterion-git,6.09161,-20.40161,2.23606797749979,5
crtm,20.93208,-8.580571,12.569805089976535,84
crystfel,2.9424882,-26.291466,2.449489742783178,6
cub,13.761657,-23.78461,6.6332495807108,22
cube,-28.114328,-11.094697,12.649110640673518,141
cubelib,11.087491,3.279315,11.224972160321824,117
cubew,8.806552,2.5128615,8.660254037844387,75
cuda,-30.127264,-5.8361273,46.593991028886975,573
cudnn,-7.6814976,36.371975,25.592967784139454,248
curl,7.6173587,20.728397,61.07372593840988,410
cxxopts,10.348858,-8.182188,16.0312195418814,64
czmq,7.3726697,-20.280764,7.483314773547883,14
darshan-runtime,-4.043702,1.9977244,71.54718722633336,257
darshan-util,-5.7354803,2.4184396,66.47555941848101,262
datatransferkit,-4.4410615,7.5341988,45.45327270945405,241
davix,14.549686,18.777988,18.601075237738275,195
davix-toolfile,40.215702,-0.66382676,13.416407864998739,109
db6-toolfile,40.092625,-0.51614714,13.416407864998739,109
dcap,14.229833,18.69416,18.601075237738275,195
dcap-toolfile,40.09538,0.005977839,13.416407864998739,109
dd4hep,13.128311,36.490726,13.527749258468683,176
ddd,-33.64083,15.025827,14.730919862656235,217
dftbplus,-4.176145,-11.345109,10.295630140987,93
diffutils,1.7637033,1.5305406,64.0,257
diy,7.4824247,-20.673218,2.23606797749979,5
dlib,7.249911,-21.801306,2.0,4
dmtcp,15.144995,33.126213,12.884098726725126,166
doctest,9.716665,-8.550622,13.416407864998739,61
doxygen,21.732477,-24.507788,47.031904065219386,237
dray,8.579009,-24.179026,9.273618495495704,33
dtcmp,4.7298207,-26.856394,2.449489742783178,3
dyninst,-7.5069275,2.4058611,60.440052945046304,296
eccodes,20.21155,-24.882622,7.14142842854285,51
eic,0.53181756,-29.876183,3.605551275463989,13
eic-smear,0.5309401,-29.874817,3.605551275463989,13
eicroot,0.5336974,-29.874983,3.605551275463989,13
eigen,8.830096,33.150578,30.773365106858236,432
ejana,0.5342985,-29.872007,3.605551275463989,13
elfutils,4.0861673,1.1984001,59.99166608788257,207
emacs,-24.810713,-6.043492,33.28663395418648,314
env-model,16.827568,-16.507341,6.708203932499369,45
environment-modules,2.4445722,-23.421162,2.8284271247461903,2
eqr,7.806467,-31.625925,3.7416573867739413,14
escalate,0.53324234,-29.875334,3.605551275463989,13
esmf,21.347773,-9.058546,12.569805089976535,84
evtgen,14.871166,33.447933,12.884098726725126,166
exonerate,-10.263553,39.213875,24.392621835300936,222
expat,7.5830274,20.546896,63.55312738174259,388
expat-toolfile,40.028275,-0.2703611,13.416407864998739,109
express,-14.305285,33.81737,26.324893162176366,224
exuberant-ctags,-25.786781,-9.349656,18.16590212458495,192
faodel,-5.648784,10.460858,61.514225996918796,243
fastjet,10.277972,33.651684,27.586228448267445,368
fastqc,-13.973316,33.185326,26.324893162176366,224
fastx-toolkit,-14.321595,33.819412,26.324893162176366,224
ffmpeg,8.433415,3.072201,8.660254037844387,75
fftw,-4.853,29.324112,71.5122367151245,620
fftw-api,3.844878,-23.540981,1.4142135623730951,2
fftw3-toolfile,40.902897,-0.79305756,13.416407864998739,109
file,8.697352,-6.8041415,16.15549442140351,89
findutils,2.1974554,-6.0120754,63.08724118235002,249
fio,7.690653,-11.703893,8.12403840463596,43
fjcontrib,15.627479,32.782906,12.884098726725126,166
flang,2.5496633,-21.94299,2.23606797749979,5
flatbuffers,14.351497,20.049889,16.583123951777,195
flecsalemm-deps,1.3844835,-27.13787,3.1622776601683795,3
flecsi,-5.007842,9.297965,58.59180830116101,245
flecsi-sp,1.3580794,-27.173801,1.7320508075688772,3
flex,15.460275,24.350607,33.61547262794322,294
flit,-4.505497,9.514252,61.155539405682624,245
flowvr,9.038476,-18.599558,3.1622776601683795,6
flux-core,-4.320435,7.0313964,40.607881008493905,241
flux-sched,6.959361,-23.772907,9.273618495495704,27
fmt,17.650444,30.301826,20.85665361461421,211
form,15.493342,34.063885,12.884098726725126,166
fortrilinos,-4.5698395,8.065405,50.86255990411808,241
freebayes,-13.374083,35.21335,24.979991993593593,224
freetype,14.229832,18.694159,18.601075237738275,195
freetype-toolfile,40.788227,-0.06637632,13.416407864998739,109
frontier-client,13.601914,20.534784,16.583123951777,195
frontier-client-toolfile,41.507084,1.1059273,10.44030650891055,109
ftgl,5.347788,-25.8028,3.0,3
fujitsu-mpi,-2.7699258,-18.291958,13.74772708486752,44
g2,21.216036,-8.551253,12.569805089976535,84
g2tmpl,20.825953,-8.779749,12.569805089976535,84
g4abla,14.572632,34.14352,12.884098726725126,166
g4e,6.732703,-27.898634,3.1622776601683795,5
g4emlow,14.639318,34.410538,12.884098726725126,166
g4ensdfstate,15.232538,33.9693,12.884098726725126,166
g4incl,16.270317,34.28561,12.884098726725126,166
g4ndl,16.337404,34.319916,12.884098726725126,166
g4particlexs,14.68702,33.702557,12.884098726725126,166
g4photonevaporation,15.530079,34.49836,12.884098726725126,166
g4radioactivedecay,16.14564,33.314476,12.884098726725126,166
g4realsurface,15.834266,35.270546,12.884098726725126,166
g4saiddata,15.099791,34.492985,12.884098726725126,166
gasnet,-4.5223246,9.529836,61.30252849597641,245
gatk,-12.840072,34.19177,25.768197453450252,224
gaudi,-0.7899831,-33.040962,4.123105625617661,17
gawk,7.2160373,-7.9751716,15.329709716755891,89
gcc,-9.342032,33.034813,54.616847217685496,429
gcc-compiler-toolfile,41.507084,1.1059273,10.44030650891055,109
gdal,7.7074,-20.392036,4.123105625617661,14
gdb,-25.3427,-5.3601756,34.942810419312295,412
gdbm,4.6185594,20.152756,66.92533152700851,475
gdrcopy,-29.68289,-9.630721,18.601075237738275,144
geant4,13.618263,37.134243,14.352700094407323,185
geant4-data,17.743164,37.049103,12.922847983320086,166
genfit,-0.7879941,-33.04981,4.123105625617661,17
gengetopt,15.417236,33.179848,12.884098726725126,166
geopm,-1.5200777,-7.1641726,26.962937525425527,145
geopm^py-numpy,3.2437963,-20.620516,2.6457513110645907,7
geos,20.668003,-25.556839,8.246211251235321,61
gettext,7.585631,20.427767,68.1395626636978,410
gfsio,20.93354,-9.790856,10.392304845413264,81
ghostscript,7.681388,-9.218474,10.954451150103322,57
giflib,14.549686,18.777988,18.601075237738275,195
giflib-toolfile,40.36653,-0.77062225,13.416407864998739,109
ginkgo,-3.4849515,8.357504,62.52999280345393,245
git,5.195994,20.5314,73.47108274688756,525
git-lfs,-28.044239,-9.520716,20.904544960366874,229
gizmo,2.8087375,-25.180395,1.7320508075688772,3
gizmo-deps,2.8085995,-25.181396,1.7320508075688772,3
glib,-0.76347435,-7.781681,54.194095619356915,146
globalarrays,-8.270744,31.0444,66.23443213314356,441
glog,20.211548,-24.882626,7.14142842854285,51
gmake,14.647854,17.701418,29.0516780926679,277
gmake-toolfile,40.58627,-0.85151625,13.416407864998739,109
gmap-gsnap,-9.918822,38.459835,24.392621835300936,222
gmp,4.306281,19.983355,57.367238037053866,403
gnupg,-25.819252,-7.47766,28.965496715920477,235
gnuplot,-25.678616,-4.952983,42.41462012089699,581
gnutls,3.0523083,-15.8306465,11.40175425099138,33
go,-25.071445,-6.4689655,32.58834147360065,298
go-bootstrap,-28.455511,-8.54319,23.600847442411894,203
gobject-introspection,9.16179,3.1525893,8.660254037844387,75
googletest,-25.778568,-9.291311,19.44222209522358,208
gosam-contrib,17.839155,34.12581,12.884098726725126,166
gotcha,-5.826847,2.8714778,65.34523701081817,266
gperftools,15.416016,38.177814,15.427248620541512,183
graphviz,-30.572924,15.257868,20.248456731316587,320
grib-api,20.21155,-24.882664,7.14142842854285,51
grib_util,17.023697,-16.429073,6.708203932499369,45
groff,6.1777325,-7.1369176,18.275666882497067,75
gromacs,-29.264114,-6.241568,33.28663395418648,355
grpc,14.406832,20.581434,16.583123951777,195
gsl,-30.053785,-5.8419995,41.30375285612676,571
gsl-toolfile,40.506535,0.11929107,13.416407864998739,109
gtkplus,-29.742218,-8.936817,21.95449840010015,154
gzip,4.5546813,-12.518733,7.615773105863909,29
hal,-10.196455,38.1778,24.392621835300936,222
hcoll,-29.939186,-8.868115,22.15851980616034,162
hdf,20.211567,-24.882685,7.14142842854285,51
hdf5,-4.991176,29.392725,103.89898940798221,648
healpix-cxx,4.1119986,-25.79202,3.4641016151377544,4
heffte,-5.225613,8.316887,55.263007518592396,242
help2man,0.21233907,-6.8197846,58.88972745734183,154
hepmc,16.383095,35.975967,12.884098726725126,166
hepmc3,-0.12496814,-33.142384,5.477225575051661,26
hepnos,12.191973,-13.224263,5.916079783099616,26
hepnos-dataloader,12.188656,-13.229672,5.385164807134504,26
hepnos-pep-benchmark,12.150639,-13.253752,4.898979485566356,23
herwig3,16.15012,33.873875,12.884098726725126,166
hiop,8.982561,-12.055969,4.795831523312719,22
hip,-27.726267,-16.586807,21.97726097583591,192
hip-rocclr,-28.633528,-14.64035,14.560219778561036,153
hipblas,-30.302113,-15.177761,15.588457268119896,160
hipcub,-30.362453,-15.211971,15.588457268119896,160
hipfft,-27.79191,-14.585815,14.560219778561036,153
hipfort,-28.627235,-14.653083,14.560219778561036,153
hipify-clang,-27.784992,-14.672085,14.560219778561036,153
hipsparse,-30.068758,-15.709327,15.588457268119896,160
hisat2,-10.199768,38.177753,24.392621835300936,222
hmmer,20.211617,-24.882683,7.14142842854285,51
hpctoolkit,-5.366399,3.8307183,59.93329625508679,252
hpcviewer,-28.114557,-11.0948715,12.649110640673518,141
hpl,7.4719477,-29.3386,3.0,9
hpx,-4.7884617,4.0024323,57.697486947006624,247
hsa-rocr-dev,-30.064724,-15.703952,15.588457268119896,160
hsakmt-roct,-27.951406,-15.056316,14.560219778561036,153
htop,-25.020308,-6.3512135,31.400636936215164,272
hwloc,9.513781,20.224567,62.77738446287803,399
hydrogen,3.2160997,-24.623972,2.449489742783178,3
hypre,-8.258641,30.866436,72.07634840916957,482
icet,1.5474762,-25.088417,2.23606797749979,5
icu4c,-28.114555,-11.094872,12.649110640673518,141
igprof,16.158676,35.021942,12.884098726725126,166
imagemagick,-26.236464,-8.256225,23.790754506740637,223
intel,-9.948862,39.664707,24.596747752497688,224
intel-mkl,-9.490297,34.11172,31.984371183438952,321
intel-mpi,20.433195,-11.15581,18.138357147217054,102
intel-oneapi-compilers,-12.650283,40.613636,24.576411454889016,225
intel-oneapi-mkl,-12.650325,40.613632,24.576411454889016,225
intel-oneapi-mpi,-12.650284,40.613636,24.576411454889016,225
intel-oneapi-tbb,-12.650283,40.613632,24.576411454889016,225
intel-parallel-studio,-3.1616483,-17.948715,15.264337522473747,61
intel-tbb,12.281616,15.252224,22.24859546128699,259
ior,9.662578,-8.540151,12.727922061357855,60
ip,21.364887,-9.046101,12.569805089976535,84
ip2,20.824192,-8.771717,12.569805089976535,84
isl,17.143734,33.70774,12.884098726725126,166
jana2,0.53028464,-29.87822,3.605551275463989,13
jansson,7.7948923,-22.527401,6.0,9
jasper,20.852058,-8.892382,12.569805089976535,84
jellyfish,-12.705099,33.9163,25.768197453450252,224
jemalloc,19.460379,34.144222,13.038404810405298,166
jpeg,17.032013,-16.75114,6.708203932499369,45
jq,-27.96288,-10.013195,16.217274740226856,197
json-c,-0.9531319,-8.387452,54.3323108288245,151
jsoncpp,9.758668,-26.544506,6.324555320336759,28
juggler,-0.7879066,-33.047974,4.123105625617661,17
julia,-27.055504,-11.322257,20.42057785666214,338
kahip,-10.621495,38.29108,24.392621835300936,222
kallisto,-12.705099,33.916298,25.768197453450252,224
knem,-29.702467,-9.593621,19.026297590440446,144
kokkos,-5.136461,3.0299218,65.83312236253116,263
kokkos-kernels,-5.329588,3.169255,65.34523701081817,255
krb5,-32.89588,12.764015,24.24871130596428,308
lammps,-11.205512,37.889206,25.13961017995307,225
landsfcutil,17.101479,-16.473505,6.708203932499369,45
lbann,3.1972618,-24.635052,2.449489742783178,3
lcio,-0.7882861,-33.047462,4.123105625617661,17
lcov,19.665384,34.187576,13.527749258468683,173
legion,-4.432945,9.244338,60.0,242
leveldb,20.900064,-24.751366,9.746794344808963,71
lhapdf,17.745647,33.706238,12.884098726725126,166
libaec,19.796429,-10.112893,7.937253933193772,63
libarchive,-10.552703,37.97892,24.515301344262525,224
libbsd,3.8592002,1.1940594,60.77005841695399,239
libcircle,4.7298203,-26.856394,2.449489742783178,3
libdistributed,7.2497983,-21.801098,2.0,4
libdwarf,8.926669,3.29768,8.660254037844387,75
libedit,20.466877,-10.327621,10.908712114635714,72
libelf,8.644628,3.2597196,8.660254037844387,75
libevent,-28.876507,-8.279981,24.331050121192877,208
libfabric,-3.0686667,1.8077133,69.60603422117941,346
libffi,12.345603,15.290611,20.952326839756964,253
libfuse,7.790409,-8.383673,16.0,65
libgcrypt,9.104338,2.6198642,8.660254037844387,75
libgpg-error,9.219088,3.0554695,8.660254037844387,75
libiberty,9.205383,3.8718483,11.445523142259598,85
libiconv,3.580293,1.2641351,61.34329629226001,268
libjpeg,9.129047,2.6476314,8.660254037844387,75
libjpeg-turbo,16.173649,22.425358,21.42428528562855,237
libjpeg-turbo-toolfile,41.138374,-0.4242682,13.416407864998739,109
libmd,19.919024,-9.625505,10.63014581273465,66
libnl,10.146232,-24.709047,6.4031242374328485,16
libnrm,0.36745006,-6.5676045,60.05830500438719,158
libpciaccess,9.512265,20.231968,59.50630218724736,373
libpmemobj-cpp,9.662536,-8.538639,12.727922061357855,60
libpng,-31.18632,-16.953753,26.5329983228432,404
libpng-toolfile,40.303295,0.14880022,13.416407864998739,109
libpressio,9.998555,-19.044256,3.3166247903554,9
libpressio-opt,3.50558,-25.33737,1.0,1
libpressio-tools,4.7189455,-22.54592,4.358898943540674,10
libquo,-5.5492663,3.2070413,65.11528238439882,255
libsigsegv,1.8324457,-6.0989156,60.32412452742269,196
libszip,8.560491,2.619583,8.660254037844387,75
libtiff,14.549686,18.777988,18.601075237738275,195
libtiff-toolfile,40.303303,0.14880103,13.416407864998739,109
libtool,5.189738,20.501213,72.58787777583802,506
libtree,7.2467837,-21.83711,1.7320508075688772,2
libunwind,4.11267,19.870132,82.57118141337206,403
libuuid,10.052417,-13.562039,15.716233645501712,58
libx11,6.9657035,-15.124632,4.898979485566356,24
libxc,6.3293333,-17.22043,4.69041575982343,21
libxml2,7.0703974,20.786953,67.83067152844649,445
libxml2-toolfile,40.29636,0.14424616,13.416407864998739,109
libxp,-33.179165,14.750052,15.329709716755891,217
libxslt,8.405805,2.9460194,8.660254037844387,75
libxsmm,6.6181054,-21.91275,2.0,4
libyaml,18.860672,-11.460771,7.0710678118654755,50
libz,17.070498,-16.447645,6.708203932499369,45
libzmq,-26.255566,-8.088158,25.709920264364882,206
likwid,3.0525382,-15.830981,11.40175425099138,33
llvm,9.365004,-6.9861407,17.08800749063506,105
llvm-amdgpu,-30.068758,-15.709327,15.588457268119896,160
llvm-doe,9.29596,-7.790383,9.219544457292887,61
llvm-openmp,0.7731876,-20.143265,6.557438524302,22
lmdb,9.677692,-24.612724,6.928203230275509,29
lmod,6.320456,-17.223522,5.5677643628300215,27
loki,-4.945665,8.756217,57.15767664977295,241
lsf,-29.7025,-9.59438,19.026297590440446,144
lua,6.9396825,-15.090708,5.744562646538029,31
lua-sol2,10.344309,-22.264114,5.5677643628300215,17
lustre,8.293445,-8.779252,9.327379053088816,51
lz4,8.41515,21.337965,60.15812497078013,351
lzo,4.5544744,-12.518539,7.615773105863909,29
m4,5.21867,20.437115,75.03332592921628,501
madgraph5amc,17.24195,35.2633,12.884098726725126,166
magma,-8.205497,31.845049,69.63476143421474,443
makedepend,-29.857155,-9.259543,22.9128784747792,170
masa,-3.7809474,-26.610842,11.045361017187261,32
masurca,-12.529115,34.820347,25.11971337416094,224
matio,6.1251526,-20.107067,3.4641016151377544,10
matlab,2.0988696,-22.956469,2.0,4
maven,20.211533,-24.88262,7.14142842854285,51
memkind,21.395695,-24.485321,14.594519519326424,107
mercurial,-25.021727,-6.355147,30.479501308256342,275
mercury,-6.695579,3.507895,71.75653280364095,326
mesa,8.887001,22.03095,56.22277118748239,298
mesa-glu,17.784208,34.792797,12.884098726725126,166
mesa18,-0.7636961,-7.781822,54.194095619356915,146
metall,-4.945607,8.7559185,57.15767664977295,241
metis,-29.338533,15.4191675,27.640549922170507,316
mfem,-6.323266,8.868034,61.61168720299745,267
miniasm,-14.463189,33.32145,26.324893162176366,224
miniconda2,7.42297,-30.448195,8.06225774829855,41
miniconda3,6.1955447,-17.190615,9.327379053088816,60
minimap2,-13.970259,33.188984,26.324893162176366,224
miopen-hip,-28.633524,-14.640354,14.560219778561036,153
mochi-abt-io,9.01757,-25.870165,9.848857801796104,29
mochi-bake,9.723826,-26.527159,5.5677643628300215,23
mochi-bedrock,10.237838,-26.609722,10.099504938362077,39
mochi-ch-placement,8.763615,-24.926949,4.69041575982343,19
mochi-colza,10.686733,-13.582603,9.899494936611665,36
mochi-margo,10.61608,-8.793634,19.87460691435179,98
mochi-mona,10.932919,-14.736771,11.224972160321824,44
mochi-remi,8.603013,-24.918102,4.242640687119285,14
mochi-sdskv,12.328408,-12.688649,7.874007874011811,44
mochi-sonata,12.677904,-11.515871,7.745966692414834,37
mochi-ssg,12.796694,-11.42777,9.695359714832659,54
mochi-thallium,13.170311,-11.65242,19.672315572906,99
mochi-yokan,12.312457,-11.790793,6.324555320336759,37
motif,-33.179134,14.750091,15.329709716755891,217
mpark-variant,-4.945665,8.756217,57.15767664977295,241
mpc,16.997007,32.92627,12.884098726725126,166
mpfr,18.893406,32.07143,13.784048752090222,172
mpi,-2.4087708,-7.847387,17.804493814764857,128
mpich,-9.132432,31.583656,76.6550715869472,547
mpifileutils,-4.59062,8.315824,54.85435260760991,244
mpilander,-2.7699254,-18.291939,13.74772708486752,44
mpip,-29.919687,-8.154905,23.916521486202797,171
mpt,-2.7699275,-18.291933,13.74772708486752,44
mrnet,20.21153,-24.882616,7.14142842854285,51
mumps,-8.787382,36.29654,24.698178070456937,222
music,2.774477,-25.21914,2.449489742783178,4
mvapich2,-16.936272,38.67419,31.937438845342623,321
mypkg,3.1761303,-22.752123,2.8284271247461903,2
nalu-wind,-1.7814307,-23.276695,23.323807579381203,57
namd,2.893405,-28.00532,5.656854249492381,6
nano,-27.982878,-3.7068307,33.03028912982749,440
nasm,16.185484,22.424824,21.702534414210707,237
nccl,-11.043233,36.136482,33.85262175962151,239
nccmp,18.077955,-16.839245,12.922847983320086,75
ncdu,-33.17913,14.75009,15.329709716755891,217
nceppost,17.006859,-16.756765,6.708203932499369,45
ncl,-4.176074,-11.344861,10.295630140987,93
nco,-29.915827,-7.949651,24.657656011875904,238
ncurses,-7.879406,3.0260627,69.0941386804988,358
ncview,-4.175616,-11.343878,10.295630140987,93
nemsio,21.345865,-9.059948,12.569805089976535,84
nemsiogfs,17.027794,-16.751635,6.708203932499369,45
neovim,-0.08660023,-25.600872,2.8284271247461903,8
netcdf,-2.4501536,-7.929687,19.949937343260004,116
netcdf-c,-27.66441,-5.874807,50.039984012787215,465
netcdf-cxx,-7.085589,36.249397,32.7566787083184,343
netcdf-cxx4,-27.882391,-11.16452,13.96424004376894,147
netcdf-fortran,-28.543825,-5.435071,42.883563284783136,436
netlib-lapack,-31.243687,-8.362132,33.76388603226827,239
netlib-scalapack,-2.4907982,0.8499257,55.758407437802596,267
ngmlr,-10.62059,38.254665,24.392621835300936,222
ngstools,-12.705098,33.9163,25.768197453450252,224
ninja,5.0123286,20.527594,69.476614770727,448
nlohmann-json,17.63524,30.291677,21.095023109728988,228
nlopt,-9.988138,39.024902,24.392621835300936,222
node-js,-35.365715,18.27171,18.81488772222678,229
npdet,-0.7879324,-33.048023,4.123105625617661,17
nrm,-0.4786604,-7.954614,47.50789408087881,146
nrm^python,3.2444437,-20.618929,2.6457513110645907,7
numactl,9.481136,20.234295,60.778285596090974,384
nvhpc,-9.36799,33.182285,49.70915408654627,355
nwchem,2.8929174,-28.008318,5.477225575051661,6
octave,-29.03336,-6.330781,32.87856444554719,378
omega-h,-4.2802043,8.653,53.87021440462252,242
onnx-runtime,13.861733,19.859613,16.583123951777,195
opari2,11.0875,3.2793179,11.224972160321824,117
openbabel,-10.905872,38.92765,24.392621835300936,222
openblas,-5.9119277,29.987206,70.04284403134984,599
opencascade,-0.78667873,-33.04675,4.123105625617661,17
opencv,18.400084,-29.334007,22.045407685048602,184
openfast,-1.5567969,-23.092493,16.522711641858304,26
openfoam,-10.885617,38.538986,24.392621835300936,222
openfoam-org,3.3208544,-25.303661,1.4142135623730951,1
opengl,9.095118,-9.531053,6.6332495807108,44
openjdk,-29.271774,15.446403,30.315012782448235,331
openjpeg,8.80803,2.5075295,8.660254037844387,75
openloops,14.2403,19.959463,16.583123951777,195
openloops-process,13.406134,20.1881,16.583123951777,195
openloops-toolfile,41.553467,1.0710111,10.44030650891055,109
openmpi,-5.836916,29.893616,76.249590162833,668
openpmd-api,-5.5515246,3.9204109,63.733821476512766,244
openspeedshop,8.434285,3.0735075,8.660254037844387,75
openssh,-31.320946,-16.645128,24.79919353527449,265
openssl,5.6026435,20.554361,75.35250493513803,544
openssl-toolfile,40.225224,-0.672124,13.416407864998739,109
oracle-instant-client,15.405115,35.006416,12.884098726725126,166
oracleocci-abi-hack-cms,14.391497,20.071064,16.583123951777,195
oracleocci-abi-hack-cms-toolfile,41.49472,1.113439,10.44030650891055,109
osu-micro-benchmarks,8.32704,-18.05598,12.449899597988733,48
otf2,11.08749,3.2793148,11.224972160321824,117
package1,4.050603,-24.910126,2.8284271247461903,4
package2,4.050603,-24.910126,2.8284271247461903,4
pacparser,13.474267,19.909908,16.583123951777,195
pacparser-toolfile,41.493793,1.1140116,10.44030650891055,109
paml,-12.842214,34.18733,25.768197453450252,224
pango,6.9649754,-15.124614,4.898979485566356,24
papi,-5.915056,2.1982427,70.8801805866774,269
papyrus,-5.646346,10.457181,60.844062980705026,243
parallel,-32.937912,12.996429,17.320508075688775,249
parallel-io,-29.919731,-8.154905,23.916521486202797,171
parallel-netcdf,-3.6285827,1.2580152,74.14849964766651,307
parallelio,-28.114328,-11.094697,12.649110640673518,141
paraview,-9.347929,32.97631,46.97871858618538,398
parmetis,-15.657119,38.69205,28.653097563788805,302
parsec,-4.342148,7.1743197,42.035699113967404,241
patch,3.3907743,-12.58896,13.711309200802088,55
patchelf,-30.263748,-9.808524,24.779023386727733,172
pcre,12.468447,15.303035,21.72556098240043,281
pcre-toolfile,40.892155,-0.79675287,13.416407864998739,109
pcre2,8.423049,2.8238256,8.660254037844387,75
pdiplugin-decl-hdf5,9.7624655,-17.74928,3.7416573867739413,14
pdiplugin-decl-netcdf,9.76587,-17.755287,3.7416573867739413,14
pdiplugin-decl-sion,9.77443,-17.754776,3.7416573867739413,14
pdiplugin-flowvr,9.728817,-17.721735,3.7416573867739413,14
pdiplugin-fti,9.74487,-17.732304,3.7416573867739413,14
pdiplugin-mpi,9.732004,-17.727987,3.7416573867739413,14
pdiplugin-pycall,9.770409,-17.754465,3.7416573867739413,14
pdiplugin-serialize,9.732317,-17.725548,3.7416573867739413,14
pdiplugin-set-value,9.742844,-17.733929,3.7416573867739413,14
pdiplugin-trace,9.785111,-17.76677,3.7416573867739413,14
pdiplugin-user-code,9.77443,-17.754776,3.7416573867739413,14
pdsh,-2.2478397,-7.919245,12.569805089976535,77
pdt,-7.519448,2.4020498,65.62773803811922,290
pear,-9.922313,38.984932,24.392621835300936,222
percept,-3.7809474,-26.610834,11.045361017187261,32
perl,-9.006016,31.380194,77.57576941287789,522
petsc,-8.532718,30.771902,66.55824516917495,460
pgi,-29.711056,-9.561596,19.28730152198591,148
phast,-13.970259,33.188984,26.324893162176366,224
phist,-1.1554668,-7.265949,34.88552708502482,146
photos,14.92529,35.175907,12.884098726725126,166
photos-f,16.345367,35.26009,12.884098726725126,166
picard,-16.275503,38.106056,25.41653005427767,252
pigz,8.667627,3.260036,8.660254037844387,75
pil,16.281555,-37.730003,6.082762530298219,37
pilon,-13.973315,33.185326,26.324893162176366,224
pixman,8.5509405,2.6201587,8.660254037844387,75
pkg-config,12.001519,15.244637,42.41462012089699,382
pkgconf,1.9348825,-6.035538,61.171888968708494,224
pkgconfig,7.2584286,-21.81811,2.0,4
plasma,-2.102805,7.301157,52.26853738148792,201
plumed,-8.775442,36.31544,24.535688292770594,222
pmdk,9.683223,-8.526485,13.152946437965905,67
pmemkv,9.66255,-8.538895,12.727922061357855,60
pmix,4.432074,-20.09785,3.7416573867739413,13
png,17.023764,-16.429085,6.708203932499369,45
podio,-0.7872878,-33.04796,4.123105625617661,17
povray,-33.640656,15.025702,14.730919862656235,217
precice,-4.3088593,8.897691,55.92852581643825,242
prod_util,17.023764,-16.429085,6.708203932499369,45
protobuf,15.983229,20.658573,19.79898987322333,251
pspline,8.96843,-10.504057,6.244997998398398,37
pumi,-4.2358074,10.75804,61.83041322844284,263
pwgui,-33.17913,14.750089,15.329709716755891,217
py-absl-py,13.783775,20.683601,16.583123951777,195
py-anyio,15.968226,34.42031,12.884098726725126,166
py-appdirs,16.771416,33.96834,12.884098726725126,166
py-argparse,13.761789,-23.785185,6.6332495807108,22
py-ase,-8.590432,38.86424,24.819347291981714,223
py-astor,14.159775,20.72267,16.583123951777,195
py-astunparse,15.792395,35.861954,12.884098726725126,166
py-async-lru,17.41431,34.128666,12.884098726725126,166
py-attrs,7.58965,-28.676193,2.8284271247461903,8
py-autopep8,14.1138,-37.090694,12.569805089976535,57
py-backports-entry-points-selectable,16.596224,34.720436,12.884098726725126,166
py-beautifulsoup4,13.188171,-35.00172,5.291502622129181,28
py-biopython,-36.36025,18.333776,19.8997487421324,226
py-black,16.281595,-37.729958,6.082762530298219,37
py-bokeh,13.243272,-35.02415,5.291502622129181,28
py-boto3,4.554681,-12.518945,7.615773105863909,29
py-breathe,14.40384,-26.311584,7.3484692283495345,25
py-cartopy,13.06211,-35.00676,5.291502622129181,28
py-cclib,-35.858864,18.791653,19.157244060668017,224
py-certifi,13.586026,31.429987,13.711309200802088,176
py-cfelpyutils,3.1197085,-26.346373,2.449489742783178,6
py-chardet,14.318318,-26.680025,4.69041575982343,21
py-clustershell,6.329302,-17.220371,4.69041575982343,21
py-cmake-format,7.689406,-11.70389,8.12403840463596,43
py-configparser,13.761139,-23.783129,6.6332495807108,22
py-coverage,6.7691765,-27.905487,1.7320508075688772,3
py-cppy,15.226537,35.461006,12.884098726725126,166
py-cycler,14.720029,34.883026,12.884098726725126,166
py-cython,-32.3971,20.275352,29.79932885150268,423
py-dask,-35.461243,19.535892,20.42057785666214,228
py-einops,16.291862,-38.31604,6.082762530298219,37
py-espresso,-10.900765,38.945568,24.392621835300936,222
py-extra-data,2.924666,-26.28425,2.449489742783178,6
py-extra-geom,3.0763013,-26.334763,2.449489742783178,6
py-fiona,16.2427,-38.140717,6.082762530298219,37
py-flake8,14.727054,-37.61003,12.922847983320086,67
py-future,13.462635,19.925869,16.583123951777,195
py-gast,13.543528,19.84583,16.583123951777,195
py-geopandas,13.394541,-35.212585,5.291502622129181,28
py-google-common,41.350624,1.1994867,10.44030650891055,109
py-google-pasta,17.058556,34.332664,12.884098726725126,166
py-gosam,15.474554,35.70962,12.884098726725126,166
py-graphviz,14.202694,-34.398544,8.48528137423857,47
py-grpcio,17.26652,33.088367,12.884098726725126,166
py-h5py,13.849752,37.878033,19.28730152198591,229
py-horovod,-12.819308,36.845615,36.78314831549904,241
py-htseq,-35.399918,18.246098,18.601075237738275,223
py-idna,13.586031,31.429785,13.711309200802088,176
py-importlib-metadata,16.64401,32.765198,12.884098726725126,166
py-ipython,0.7448277,-20.1372,8.831760866327848,26
py-ipywidgets,18.352146,-38.263645,8.06225774829855,58
py-isort,17.053879,-38.496353,6.082762530298219,37
py-jedi,-3.7816904,-26.618124,11.40175425099138,36
py-jupyter,-35.858864,18.791653,19.157244060668017,224
py-jupyterhub,0.2515026,-8.354806,53.075418038862395,165
py-jupyterlab,-35.091812,18.647165,19.570385790780925,252
py-jupyterlab-server,7.589571,-28.676388,2.8284271247461903,8
py-karabo-bridge,3.1088948,-26.344845,2.449489742783178,6
py-keras,-12.670293,37.121044,27.367864366808018,232
py-keras-applications,14.3682165,20.06143,16.583123951777,195
py-keras-preprocessing,14.477473,20.392351,16.583123951777,195
py-kiwisolver,15.751777,34.801502,12.884098726725126,166
py-ldsc-git,3.5035198,-25.340666,1.0,1
py-libensemble,0.2176984,-6.7552185,54.42425929675111,152
py-libensemble^python,2.001242,-20.822296,14.352700094407323,52
py-line-profiler,13.103366,-35.51562,5.291502622129181,28
py-lxml,-35.399918,18.246098,18.601075237738275,223
py-m2r,14.318309,-26.680033,4.69041575982343,21
py-maestrowf,-0.9046138,-16.42261,7.615773105863909,40
py-matplotlib,-32.08806,20.494745,29.5296461204668,455
py-mdanalysis,-35.613186,19.205132,19.519221295943137,231
py-memory-profiler,13.06211,-35.00676,5.291502622129181,28
py-mochi-bake,8.979936,-29.023294,4.0,16
py-mochi-margo,10.825135,-22.01023,8.18535277187245,38
py-mochi-sonata,10.079272,-24.700205,3.872983346207417,14
py-mochi-ssg,0.11045384,-25.280186,2.6457513110645907,7
py-mochi-tmci,8.979935,-29.023247,4.0,16
py-mock,13.480946,20.41845,16.583123951777,195
py-moltemplate,-35.858856,18.79165,19.157244060668017,224
py-mpi4py,-8.001928,37.789047,27.85677655436824,274
py-multiqc,-10.400167,38.87552,24.392621835300936,222
py-mypy,17.272497,-37.79141,6.082762530298219,37
py-nbmake,17.221655,-37.688324,6.082762530298219,37
py-nbsphinx,17.220575,-38.089893,6.082762530298219,37
py-netcdf4,12.936498,-35.11498,5.291502622129181,28
py-networkx,13.357675,-35.361115,5.291502622129181,28
py-nose,-3.7808645,-26.610416,11.045361017187261,32
py-numba,-8.571318,36.95873,25.199206336708304,225
py-numpy,-32.406387,20.264492,34.11744421846396,491
py-omegaconf,16.424694,-37.56101,6.082762530298219,37
py-onnx,13.582977,31.440464,14.491376746189438,178
py-opt-einsum,13.892015,19.86788,16.583123951777,195
py-pandas,-35.23294,20.754253,26.095976701399778,303
py-petsc4py,0.20643315,-6.774185,53.32916650389353,152
py-phonopy,-35.858856,18.79165,19.157244060668017,224
py-pillow,15.090556,38.03236,14.2828568570857,176
py-pip,-32.435738,20.235939,31.591137997862628,466
py-pip^python,12.319982,-17.897192,4.898979485566356,24
py-pkgconfig,14.134869,37.660202,14.798648586948742,184
py-plotly,10.204781,-19.256445,6.324555320336759,14
py-porechop,-35.399918,18.246098,18.601075237738275,223
py-protobuf,15.419121,20.22921,17.86057109949175,207
py-pyarrow,18.473625,-29.161201,22.516660498395403,150
py-pybind11,14.190347,37.7179,15.684387141358123,195
py-pycocotools,17.221003,-38.105446,6.082762530298219,37
py-pycparser,4.7071714,-23.874186,3.1622776601683795,5
py-pydocstyle,17.049545,-38.50287,6.082762530298219,37
py-pydot,12.895262,-35.31982,5.291502622129181,28
py-pygments,6.7442775,-27.49479,5.656854249492381,8
py-pylint,-0.08660058,-25.600882,2.8284271247461903,8
py-pymol,6.1518497,-28.106194,3.3166247903554,10
py-pyopengl,2.9354491,-26.288748,2.449489742783178,6
py-pyparsing,10.321069,33.66734,29.832867780352597,369
py-pyproj,17.223528,-38.088486,6.082762530298219,37
py-pyspark,-35.36734,18.33094,18.894443627691185,224
py-pytest,16.246054,-38.152977,6.082762530298219,37
py-pytest-cov,16.625109,-38.53362,6.082762530298219,37
py-python-dateutil,16.349827,32.69812,12.884098726725126,166
py-python-levenshtein,4.0160255,-27.274448,2.449489742783178,6
py-pytorch-lightning,16.65335,-37.421383,6.082762530298219,37
py-pytorch-sphinx-theme,17.10694,-37.532616,6.082762530298219,37
py-pyyaml,7.6543694,-11.67943,13.711309200802088,73
py-radiant-mlhub,16.307009,-38.33714,6.082762530298219,37
py-rarfile,16.641487,-38.53472,6.082762530298219,37
py-rasterio,16.82437,-37.41226,6.082762530298219,37
py-recommonmark,6.7438135,-27.49477,5.656854249492381,8
py-requests,8.606464,-32.575497,6.928203230275509,42
py-rtree,16.338936,-37.665394,6.082762530298219,37
py-scikit-build,-34.4934,18.509996,19.87460691435179,233
py-scikit-image,-35.36734,18.33094,18.894443627691185,224
py-scikit-learn,-34.819218,19.342497,22.02271554554524,284
py-scikit-optimize,-35.36734,18.33094,18.894443627691185,224
py-scipy,-35.2314,20.741379,25.298221281347036,306
py-seaborn,-36.267456,19.573067,22.891046284519195,261
py-segmentation-models-pytorch,17.110743,-37.536484,6.082762530298219,37
py-selenium,13.393398,-35.265934,5.291502622129181,28
py-setuptools,15.673975,18.631252,21.817424229271428,248
py-setuptools-scm,16.867035,34.819763,12.884098726725126,166
py-setuptools^python,12.320163,-17.895302,4.898979485566356,24
py-shapely,17.048424,-38.504215,6.082762530298219,37
py-six,13.763126,20.67538,16.583123951777,195
py-sniffio,16.74897,33.65818,12.884098726725126,166
py-spdlog,8.979878,-29.023026,4.0,16
py-sphinx,14.589528,-26.014832,15.937377450509228,109
py-sphinx-bootstrap-theme,13.02257,-35.488914,5.291502622129181,28
py-sphinx-rtd-theme,10.7468,-34.113632,6.708203932499369,15
py-sphinxcontrib-bibtex,13.022565,-35.48891,5.291502622129181,28
py-sphinxcontrib-programoutput,11.164625,-34.361015,6.4031242374328485,36
py-tensorflow,12.751026,21.991745,30.24896692450835,344
py-termcolor,13.826493,19.845661,16.583123951777,195
py-texttable,13.761278,-23.783873,6.6332495807108,22
py-theano,-12.739033,36.87111,35.24202037341219,225
py-tomli,16.515797,33.417435,12.884098726725126,166
py-torch,18.458141,-29.19974,28.19574435974337,194
py-torchmetrics,16.757448,-37.41319,6.082762530298219,37
py-torchvision,16.550457,-38.52358,6.082762530298219,37
py-tqdm,7.4714217,-29.338413,3.0,9
py-typing-extensions,14.087805,20.727777,16.583123951777,195
py-urllib3,14.318406,-26.680023,4.69041575982343,21
py-virtualenv,-35.84875,18.934431,19.949937343260004,227
py-virtualenvwrapper,-35.858864,18.791653,19.157244060668017,224
py-warpx,-0.7747883,-7.776539,49.82971001320397,146
py-wheel,15.051607,19.867107,16.881943016134134,198
py-wrapt,14.242074,20.700817,16.583123951777,195
py-xarray,12.890774,-35.303165,5.291502622129181,28
py-yapf,-3.7808316,-26.610485,11.045361017187261,32
py-yt,-3.7808642,-26.610424,11.045361017187261,32
py-ytopt^python,2.05731,-21.327343,3.1622776601683795,10
py-zipp,15.642707,33.661095,12.884098726725126,166
pythia6,0.53105927,-29.878258,3.605551275463989,13
pythia8,10.278988,33.653194,27.892651361962706,378
python,-5.9998484,29.955315,82.95782060782456,754
python-toolfile,41.111103,-0.3131707,13.416407864998739,109
qbox,20.196594,-24.902182,7.3484692283495345,51
qcachegrind,-33.640697,15.025883,14.730919862656235,217
qgraf,15.938232,32.69063,12.884098726725126,166
qhull,-16.34673,38.17071,25.92296279363144,258
qmcpack,10.566013,-12.607051,8.426149773176359,42
qrupdate,-10.885345,38.53831,24.392621835300936,222
qt,-5.3775835,4.3167458,50.51732376126036,251
qthreads,-5.5490613,3.2073832,65.11528238439882,255
quantum-espresso,-8.779214,36.293785,25.079872407968907,225
qwt,-1.0723702,-7.6291385,41.42463035441596,145
r,-27.619745,-6.5682087,38.01315561749642,403
r-ape,-37.821205,12.022061,19.493588689617926,218
r-argparse,-36.65071,11.572636,19.493588689617926,218
r-bigmemory,-37.11323,11.577466,19.493588689617926,218
r-biobase,-36.419228,11.209358,19.493588689617926,218
r-biocmanager,-38.455914,10.48663,19.493588689617926,218
r-caret,-38.13351,12.013399,19.493588689617926,218
r-ctc,-37.367245,10.893619,19.493588689617926,218
r-dendextend,-37.114235,11.887608,19.493588689617926,218
r-deseq2,-39.02457,11.287043,19.493588689617926,218
r-devtools,-38.53168,11.83206,19.493588689617926,218
r-dexseq,-38.18052,10.986822,19.493588689617926,218
r-dicekriging,7.8065486,-31.625677,3.7416573867739413,14
r-doparallel,-38.550716,9.940319,19.493588689617926,218
r-dygraphs,-38.118168,10.850411,19.493588689617926,218
r-edger,-38.601406,11.154341,19.493588689617926,218
r-fastcluster,-37.701233,10.004153,19.493588689617926,218
r-glimma,-36.75348,10.161552,19.493588689617926,218
r-gmodels,-36.9185,11.164482,19.493588689617926,218
r-goplot,-39.133278,10.888989,19.493588689617926,218
r-goseq,-38.645603,10.464895,19.493588689617926,218
r-gplots,-39.083435,9.860875,19.493588689617926,218
r-hdf5r,-36.927994,9.41322,19.493588689617926,218
r-irkernel,5.6444764,-20.311079,7.416198487095663,55
r-janitor,-37.162952,9.26142,19.493588689617926,218
r-jsonlite,7.806693,-31.62511,3.7416573867739413,14
r-lme4,-36.309956,10.509547,19.493588689617926,218
r-mlr,-39.189266,10.183686,19.493588689617926,218
r-mlrmbo,7.8066406,-31.625423,3.7416573867739413,14
r-multtest,-36.4327,9.7218685,19.493588689617926,218
r-ncdf4,-38.168003,10.268089,19.493588689617926,218
r-openxlsx,-37.717648,10.410253,19.493588689617926,218
r-pacman,-37.438675,9.122387,19.493588689617926,218
r-phangorn,-38.548073,9.327932,19.493588689617926,218
r-phytools,-37.692863,9.042167,19.493588689617926,218
r-quantmod,-38.165127,9.876902,19.493588689617926,218
r-qvalue,-37.235737,10.19269,19.493588689617926,218
r-randomforest,-40.4453,11.306668,19.849433241279208,225
r-rbokeh,-38.799915,11.606968,19.493588689617926,218
r-rdpack,-38.249016,9.258874,19.493588689617926,218
r-remotes,-37.49474,11.087518,19.493588689617926,218
r-reticulate,-38.085567,9.058117,19.493588689617926,218
r-rgenoud,7.8067803,-31.625086,3.7416573867739413,14
r-rhdf5,-38.06946,11.424129,19.493588689617926,218
r-rots,-36.241436,10.145774,19.493588689617926,218
r-rpostgresql,-39.184322,10.596711,19.493588689617926,218
r-rstan,-36.731113,9.527675,19.493588689617926,218
r-sctransform,-37.00919,10.45504,19.493588689617926,218
r-seurat,-37.743645,9.69722,19.493588689617926,218
r-sm,-36.253487,10.820966,19.493588689617926,218
r-splitstackshape,-37.392662,9.973241,19.493588689617926,218
r-sqldf,-37.7359,11.450339,19.493588689617926,218
r-tidyverse,-37.70548,10.733291,19.493588689617926,218
r-tximport,-36.87159,10.806144,19.493588689617926,218
r-tximportdata,-38.867687,9.562909,19.493588689617926,218
r-vioplot,-37.451836,11.971522,19.493588689617926,218
raja,-5.5134544,0.95575076,67.31270311018568,270
range-v3,9.662599,-8.540551,12.727922061357855,60
rccl,-28.72654,-14.324829,14.560219778561036,153
rclone,-33.17913,14.750089,15.329709716755891,217
rdma-core,-30.520771,-8.938237,25.942243542145693,226
rdma-credentials,10.337448,-13.285802,11.0,34
re2c,14.549686,18.777988,18.601075237738275,195
readline,4.0664372,1.0526938,61.34329629226001,256
relion,-14.04097,34.35873,25.69046515733026,224
rempi,-5.2580504,3.366961,60.01666435249463,251
rivet,13.496847,35.6736,13.379088160259652,174
rmcprofile,-10.230966,38.17407,24.392621835300936,222
rocalution,-28.388418,-15.058398,14.560219778561036,153
rocblas,-30.320694,-15.18696,15.588457268119896,160
rocfft,-30.302113,-15.177761,15.588457268119896,160
rocksdb,12.3098545,-11.722488,7.810249675906654,43
rocm-clang-ocl,-28.224882,-14.05339,14.560219778561036,153
rocm-cmake,-28.229748,-14.047863,14.560219778561036,153
rocm-device-libs,-27.791466,-14.592139,14.560219778561036,153
rocm-gdb,-28.462168,-14.977863,14.560219778561036,153
rocm-opencl,-28.65357,-14.154532,14.560219778561036,153
rocm-opencl-runtime,-27.924889,-14.237819,14.560219778561036,153
rocm-openmp-extras,-28.653463,-14.154429,14.560219778561036,153
rocm-smi,-27.898308,-15.006504,14.560219778561036,153
rocm-smi-lib,-28.27257,-15.134224,14.560219778561036,153
rocminfo,-28.349617,-15.089829,14.560219778561036,153
rocprim,-30.472464,-15.425597,15.588457268119896,160
rocprofiler-dev,-28.664545,-14.165542,14.560219778561036,153
rocrand,-30.064724,-15.703953,15.588457268119896,160
rocsolver,-30.362453,-15.211971,15.588457268119896,160
rocsparse,-30.064724,-15.703953,15.588457268119896,160
rocthrust,-30.064724,-15.703953,15.588457268119896,160
roctracer-dev,-27.924452,-14.238578,14.560219778561036,153
root,8.769368,33.15112,31.32091952673165,416
root-toolfile,41.135345,-0.47445625,13.416407864998739,109
rpm,4.55447,-12.5185,7.615773105863909,29
rsem,-12.840072,34.19176,25.768197453450252,224
rsync,6.1533146,-7.121233,21.540659228538015,98
ruby,7.9544787,-8.332811,16.1245154965971,75
salmon,-14.094075,33.645775,26.324893162176366,224
samrai,-0.98141116,-16.499716,6.244997998398398,39
samtools,-16.26078,38.08398,27.27636339397171,254
sbt,-3.8766088,-10.754905,13.45362404707371,149
scons,-32.94378,13.010623,16.911534525287763,247
scorep,-27.713177,-11.450519,14.52583904633395,178
scotch,-12.092298,38.82532,25.65151067676132,239
scr,-1.706375,6.622132,59.0508255657785,203
scram,13.486828,20.430304,16.583123951777,195
screen,-28.124044,-3.8393028,33.95585369269929,415
sed,8.796227,-6.9476566,14.247806848775006,70
sensei,-3.7930825,-26.612648,7.874007874011811,32
sfcio,21.369553,-9.042776,12.569805089976535,84
shengbte,-9.915803,38.98677,24.392621835300936,222
sigio,21.345865,-9.059948,12.569805089976535,84
silo,8.583774,-19.745205,3.605551275463989,8
sirius,3.1708,-25.045132,1.4142135623730951,1
slate,-4.0347557,5.674991,57.01754116059373,243
slatec,20.211517,-24.88261,7.14142842854285,51
slepc,-4.293889,9.132065,57.40209055426466,245
slurm,-2.0367963,-5.9978547,31.796226191169293,254
snappy,13.357675,-35.361115,5.291502622129181,28
snpeff,-10.885313,38.538208,24.392621835300936,222
sombrero,8.981919,-10.203361,6.557438524302,43
sp,21.421556,-8.749713,12.569805089976535,84
spark,-4.17567,-11.344155,10.295630140987,93
spdlog,11.485898,-30.15843,9.327379053088816,37
spectral,-28.114328,-11.094697,12.649110640673518,141
spectrum-mpi,-31.144836,-8.418003,30.0,206
sqlite,7.585764,20.421103,63.86704940734306,391
sqlite-toolfile,40.824997,-0.08903924,13.416407864998739,109
squashfs,4.656964,-12.517361,8.717797887081348,29
squashfuse,7.9208584,-21.932932,4.123105625617661,8
stacks,-9.895385,38.502483,24.392621835300936,222
star,-12.705098,33.9163,25.768197453450252,224
stat,-28.114445,-11.09466,12.649110640673518,141
stc,-2.105373,7.37822,59.93329625508679,216
stow,3.052514,-15.830911,11.40175425099138,33
strace,3.0525486,-15.830991,11.40175425099138,33
stream,7.47194,-29.33846,3.0,9
strumpack,-3.9727826,2.1318066,65.09224224129939,256
subread,-9.857621,38.815792,24.392621835300936,222
subversion,-24.741564,-6.0900183,30.23243291566195,295
suite-sparse,-8.642955,35.647476,25.15949125081825,230
sundials,-5.582594,0.81272835,67.72001181334805,300
superlu,-8.266398,30.999777,69.46221994724903,448
superlu-dist,-8.367075,31.18653,69.13031173081747,446
superlu-mt,-8.787379,36.296535,24.698178070456937,222
swig,-8.437359,30.692978,66.69332800213226,454
sz,-5.966703,3.271285,64.15605972938177,256
szip,16.652628,-16.733517,6.855654600401044,45
tabix,-14.4130745,33.250233,26.324893162176366,224
tar,4.6602855,1.0869921,69.0869017976635,302
tasmanian,-5.356905,3.1970289,66.31741852635702,255
tau,-6.164529,3.2934554,62.505999712027645,257
tauola,16.697475,35.26291,12.884098726725126,166
tcl,-30.503107,15.266479,17.72004514666935,283
tclap,9.818637,-22.059673,8.246211251235321,29
tcsh,-28.096874,-14.106301,14.560219778561036,153
texinfo,4.5006876,1.0957189,65.3299318842443,268
texlive,7.863324,4.372626,17.08800749063506,123
thepeg,16.145,35.918175,12.884098726725126,166
tioga,-1.5568316,-23.092722,16.522711641858304,26
tk,-33.179493,14.749788,15.329709716755891,217
tkrzw,10.3446,-22.263832,5.5677643628300215,17
tmux,-28.000027,-3.7232585,35.608987629529715,455
tree,9.221675,3.04582,8.660254037844387,75
trilinos,-3.4443114,1.7081223,75.25955088890711,283
trimmomatic,-14.505579,33.70831,26.324893162176366,224
trinity,-12.840072,34.19176,25.768197453450252,224
tuning-playground,3.98367,-29.108448,3.0,5
turbine,-4.9557486,9.717666,62.83311228962003,246
turbovnc,3.545324,-25.40774,1.4142135623730951,2
ucx,-4.1490784,-11.371196,12.529964086141668,99
udunits,21.333544,-8.629331,12.569805089976535,84
umap,-4.505498,9.514254,61.155539405682624,245
umpire,-5.476692,0.9319033,68.09552114493287,270
unifyfs,-4.915369,8.220893,55.67764362830022,242
unqlite,10.344278,-22.264215,5.5677643628300215,17
unzip,3.3907652,-12.588921,13.711309200802088,55
upcxx,-0.5261786,-2.8855016,64.42049363362563,226
upp,16.827528,-16.509743,6.708203932499369,45
util-linux-uuid,15.897252,22.379744,19.570385790780925,209
util-macros,19.181244,-9.784768,10.0,74
utility1,4.050603,-24.910126,2.8284271247461903,4
uuid,10.327748,-22.481651,6.928203230275509,23
valgrind,-28.77106,-5.0942154,30.919249667480614,382
vcftools,-14.482565,33.358402,26.324893162176366,224
veccore,17.821468,34.581364,12.884098726725126,166
vecgeom,17.048746,35.743988,12.884098726725126,166
veloc,-0.5197653,-2.874572,52.04805471869242,203
vesta,-10.547513,39.274075,24.392621835300936,222
vgm,6.732777,-27.898907,3.1622776601683795,5
vim,-25.030558,-6.310705,32.03123475609393,281
vmd,-4.9990892,-11.42046,18.466185312619388,282
vtk,5.021488,-22.27477,8.0,9
vtk-h,12.715635,-20.675663,11.40175425099138,32
vtk-m,-4.0307527,6.1706715,45.46427168667722,247
w3emc,20.852028,-8.892316,12.569805089976535,84
w3nco,21.127792,-8.536019,12.569805089976535,84
wcslib,4.1090794,-25.796398,3.4641016151377544,4
wget,-27.158577,-8.369178,21.095023109728988,199
wgrib2,17.00686,-16.756765,6.708203932499369,45
works,3.4959855,-25.341976,1.0,1
wrf-io,18.860697,-11.460854,7.0710678118654755,50
wrf_io,17.006882,-16.756763,6.708203932499369,45
wxwidgets,8.798092,3.3226388,8.660254037844387,75
xbraid,-0.90527177,-16.4226,7.615773105863909,40
xedit,3.5848281,-25.392076,1.4142135623730951,2
xerces-c,16.539703,22.033876,21.2602916254693,284
xgc1,1.6250769,-25.973593,2.23606797749979,5
xlc,8.968477,-10.504088,6.244997998398398,37
xlf,8.968375,-10.504013,6.244997998398398,37
xrootd,13.998521,18.597168,19.05255888325765,205
xrootd-toolfile,40.02819,-0.2690639,13.416407864998739,109
xsdk,12.365918,-17.938566,5.916079783099616,31
xz,7.181166,20.306753,70.40596565632774,460
xz-toolfile,40.820908,-0.0871145,13.416407864998739,109
yaml-cpp,-1.4022171,-22.847404,16.0,31
yarn,-0.08609308,-25.600843,2.8284271247461903,8
yoda,17.140263,34.68003,12.884098726725126,166
zeromq,9.686808,-25.607035,10.954451150103322,55
zfp,-7.471389,2.307664,66.94027188471824,303
zip,7.070767,-23.424067,5.291502622129181,14
zlib,8.262566,20.102362,71.78439941937245,494
zlib-toolfile,41.138367,-0.42383227,13.416407864998739,109
zoltan,9.593392,-19.308813,2.6457513110645907,6
zsh,8.365207,4.2378497,14.317821063276353,92
zstd,8.678178,21.607464,58.27520913733386,325
zstd-toolfile,41.350624,1.1994857,10.44030650891055,109
